{"type": "block", "layer": 1, "block": 22, "features": [{"geom": {"lines": [[-1499.0205711619928, 6855.53848745767, 0.0, -1470.913825225085, 6764.358106520027, 0.0, -1466.852966713719, 6724.068047711626, 0.0, -1470.5137141179293, 6680.521409058943, 0.0, -1489.033495518379, 6651.856760170311, 0.0, -1525.7626885185018, 6632.16647476051, 0.0, -1561.88664130494, 6628.2873186720535, 0.0, -1598.6090690074489, 6634.570081762038, 0.0, -1629.0610579773784, 6653.10404445231, 0.0, -1650.2482175994664, 6683.558340396732, 0.0, -1659.5002101091668, 6720.888150837272, 0.0, -1657.2291336627677, 6764.24990780931, 0.0, -1643.9834200656042, 6802.252886795439, 0.0, -1601.3895764816552, 6871.876193955541, 0.0]]}, "mtl": 0}, {"geom": {"lines": [[-1584.6081913486123, 6996.218960873783, 0.0, -1612.2260914072394, 7093.49879628513, 0.0, -1614.6119577856734, 7122.170504542999, 0.0, -1610.1174699831754, 7154.10569233913, 0.0, -1594.5136740151793, 7184.86408715602, 0.0, -1561.6666763741523, 7215.324569338933, 0.0, -1525.0069142607972, 7224.853759795427, 0.0, -1490.965483485721, 7225.4318255428225, 0.0, -1457.2277300814167, 7214.086451714858, 0.0, -1432.1537013482302, 7190.783197517507, 0.0, -1417.232877026312, 7163.905646316707, 0.0, -1413.067546447739, 7128.978135443293, 0.0, -1416.0586112681776, 7099.408984164707, 0.0, -1427.10898973234, 7070.465736520477, 0.0, -1440.2607248304412, 7051.355248393491, 0.0, -1484.8008989905939, 6982.056525832042, 0.0]]}, "mtl": 0}, {"geom": {"lines": [[-1842.1520897271112, 7419.831418788992, 0.0, -1804.8158279564232, 7275.097939835861, 0.0, -1794.890862684697, 7214.615364080295, 0.0, -1796.5206886371598, 7154.503153338097, 0.0, -1806.5146982576698, 7035.877730045468, 0.0, -1829.372160620056, 6851.020439840853, 0.0, -1837.4227448320016, 6799.772259528749, 0.0, -1847.6310408515856, 6755.697011337616, 0.0, -1860.5873790755868, 6717.492397318594, 0.0, -1891.0163536360487, 6653.521160590462, 0.0, -1971.3671111874282, 6545.040794605389, 0.0]]}, "mtl": 0}, {"geom": {"lines": [[-1601.3895764816552, 6871.876193955541, 0.0, -1659.6989423232153, 6855.249890790321, 0.0, -1686.4613748947158, 6849.900738527998, 0.0, -1708.2136781504378, 6847.558532479219, 0.0, -1732.4911434361711, 6852.022253963165, 0.0, -1760.0180320469663, 6860.650703659281, 0.0, -1783.8994086021557, 6889.93254304491, 0.0, -1794.6331060202792, 6922.76962399669, 0.0, -1789.2459683874622, 6962.774837298319, 0.0, -1776.2678061528131, 6999.256329013966, 0.0, -1757.015275255777, 7020.36453398224, 0.0, -1734.591949686408, 7034.6115055130795, 0.0, -1709.1209990344942, 7039.245719109662, 0.0, -1674.901020838879, 7040.294451135211, 0.0, -1641.7758165858686, 7028.955715816468, 0.0, -1584.6081913486123, 6996.218960873783, 0.0]]}, "mtl": 0}, {"geom": {"lines": [[-1484.8008989905939, 6982.056525832042, 0.0, -1428.5595436571166, 7002.465746609494, 0.0, -1377.2100363969803, 7007.736351654865, 0.0, -1353.0335063384846, 7000.447687649168, 0.0, -1328.536637420766, 6983.638751332648, 0.0, -1307.0678203878924, 6966.133600234985, 0.0, -1292.8688491769135, 6945.823877722956, 0.0, -1285.260970911011, 6921.590492069721, 0.0, -1284.5790792414919, 6889.838314405642, 0.0, -1290.8188620768487, 6867.09451703541, 0.0, -1305.4172075940296, 6850.002625118941, 0.0, -1335.244482579641, 6830.897032409906, 0.0, -1374.6656542019919, 6818.617575272918, 0.0, -1418.435573026538, 6820.976946423762, 0.0, -1499.0205711619928, 6855.53848745767, 0.0]]}, "mtl": 0}, {"geom": {"lines": [[-1250.7443451490253, 6447.709884076379, 0.0, -1266.0100031131878, 6552.492274439894, 0.0, -1266.0736473854631, 6607.2994073098525, 0.0, -1248.21189328935, 7015.333363946527, 0.0, -1238.3982491586357, 7125.355276245624, 0.0, -1227.6339457053691, 7167.139404738322, 0.0, -1218.677446231246, 7191.919497815892, 0.0, -1084.1917206970975, 7357.314302729443, 0.0]]}, "mtl": 0}, {"geom": {"lines": [[-1084.1917206970975, 7357.314302729443, 0.0, -1187.0905562220141, 7299.186498329043, 0.0, -1264.9686810616404, 7258.354853384197, 0.0, -1336.1277435505763, 7242.5794067131355, 0.0, -1426.3516153711826, 7242.493036402389, 0.0, -1566.6854100013152, 7264.597666098736, 0.0, -1642.010121899657, 7282.61291462183, 0.0, -1707.8684805398807, 7316.933610778302, 0.0, -1744.942315400578, 7341.634550829418, 0.0, -1842.1520897271112, 7419.831418788992, 0.0]]}, "mtl": 0}, {"geom": {"lines": [[-7907.610371630639, -2860.2239712774754, 0.0, -7954.709634519182, -2935.434452620335, 0.0, -8086.71086971648, -3192.3767416626215, 0.0, -8241.11528287828, -3240.9789524069056, 0.0]]}, "mtl": 0}, {"geom": {"lines": [[1662.9411935489625, 478.42388687375933, 0.0, 1349.759058399126, 58.911209324374795, 0.0]]}, "mtl": 0}, {"geom": {"lines": [[-1971.3671111874282, 6545.040794605389, 0.0, -1809.8557287249714, 6603.424795221537, 0.0, -1739.7111602099612, 6613.36639679037, 0.0, -1688.0484786815941, 6611.940496667288, 0.0, -1595.1555531136692, 6601.956206998788, 0.0, -1515.5320776896551, 6591.039941708557, 0.0, -1449.1789183346555, 6575.853386594914, 0.0, -1378.5670723244548, 6542.17666314356, 0.0, -1250.7443451490253, 6447.709884076379, 0.0]]}, "mtl": 0}, {"geom": {"lines": [[775.3681721491739, 1153.854440391995, 0.0, 772.5006403531879, 1749.782243209891, 0.0]]}, "mtl": 0}, {"geom": {"lines": [[-585.7590169068426, 360.3922039195895, 0.0, -573.9169015185907, 275.82612864207476, 0.0]]}, "mtl": 0}, {"geom": {"lines": [[38.23369572032243, 1339.2830260163173, 0.0, 605.6179912509397, 650.2104797847569, 0.0, 624.2696113064885, 627.7569700451568, 0.0, 634.0278475517407, 624.663040984422, 0.0, 644.417906193994, 625.2697514910251, 0.0, 656.7070449404418, 634.8778284415603, 0.0, 658.7469946676865, 647.2047331295907, 0.0, 656.8056102944538, 658.2724354686216, 0.0, 73.17512786947191, 1368.0843136236072, 0.0]]}, "mtl": 0}, {"geom": {"lines": [[588.0334525518119, 1831.3339220518246, 0.0, 970.3070712024346, 1662.3277531350031, 0.0]]}, "mtl": 0}, {"geom": {"lines": [[9639.625403566286, 11027.516047935933, 0.0, 9629.338329130784, 10980.555269829929, 0.0, 9616.887814389542, 10960.84831142053, 0.0, 9598.460194729269, 10943.528777888976, 0.0, 9575.359223636799, 10933.6431413237, 0.0, 9534.619072353467, 10941.123347764835, 0.0, 9491.199879501015, 10962.55194098968, 0.0]]}, "mtl": 0}, {"geom": {"lines": [[9647.396959379315, 11535.321218111552, 0.0, 10609.490006973967, 11787.060912879184, 0.0, 11256.129262967035, 12196.285126542673, 0.0, 11273.855177589692, 12295.379568873905, 0.0, 11144.22069428116, 12814.53518140316, 0.0, 11088.785285059363, 12899.50402569212, 0.0, 10997.952353803441, 12947.89830433391, 0.0, 10044.597975946963, 12696.855465389788, 0.0, 9475.879818508402, 12537.733632507734, 0.0]]}, "mtl": 0}, {"geom": {"lines": [[9878.554644497111, 11312.083764404058, 0.0, 9903.025757840835, 11283.703535120934, 0.0, 9912.271849931218, 11267.27520525083, 0.0, 9916.152850605547, 11252.353278868832, 0.0, 9915.54847891815, 11240.112093050033, 0.0, 9910.4678832395, 11223.100395875052, 0.0, 9903.307638041675, 11213.540512068197, 0.0, 9879.560513989069, 11201.709335198626, 0.0, 9845.54043622315, 11196.010732445866, 0.0, 9777.026092906483, 11185.276283050887, 0.0]]}, "mtl": 0}, {"geom": {"lines": [[8954.757014404051, 11218.193525361829, 0.0, 9093.677686423995, 11183.915478391573, 0.0, 9144.935853938572, 11170.816293409094, 0.0, 9195.75752723962, 11148.871272021905, 0.0, 9240.455342294648, 11121.660759960301, 0.0, 9327.713831096888, 11067.827870599926, 0.0]]}, "mtl": 0}, {"geom": {"lines": [[9491.199879501015, 10962.55194098968, 0.0, 9573.002111636102, 10902.353438720107, 0.0, 9615.091661233455, 10862.243036520667, 0.0, 9669.673187234439, 10788.417171294801, 0.0]]}, "mtl": 0}, {"geom": {"lines": [[10286.300939799286, 11153.553234227933, 0.0, 10065.38094442524, 11196.135464101098, 0.0, 10035.528735389002, 11207.705674801953, 0.0, 10001.370115675963, 11225.168299802579, 0.0, 9926.700502394699, 11274.539093958214, 0.0, 9878.554644497111, 11312.083764404058, 0.0]]},