{"type": "block", "layer": 1, "block": 23, "features": [{"geom": {"lines": [[-20184.522166946903, 5378.05339240469, 0.0, -20159.17356687598, 5380.9812079118565, 0.0, -20116.20407373365, 5379.062662502751, 0.0, -19578.072778944857, 5311.266506307758, 0.0, -19360.389930858277, 5289.550509821624, 0.0, -19280.720284601673, 5278.452536040917, 0.0, -18863.74883186072, 5220.335511366837, 0.0, -18687.00257005077, 5184.453928956762, 0.0, -18438.58170969691, 5172.450295133516, 0.0, -18302.427494206466, 5162.860004094429, 0.0, -17452.076695897616, 5047.981176143512, 0.0, -16198.072216675617, 4868.5015301005915, 0.0, -16078.639960477129, 4854.12958952412, 0.0, -16052.370749477297, 4844.56827400811, 0.0, -16017.077681548893, 4818.554803165607, 0.0, -15997.440139953978, 4777.672863355838, 0.0, -15991.358877953142, 4746.770804381929, 0.0, -15958.580146284774, 4726.608282306232, 0.0, -15951.890839872882, 4722.4803894413635, 0.0, -15464.802992861718, 4653.3283475693315, 0.0, -15228.332700042985, 4622.220336697064, 0.0, -15042.022890280932, 4593.509428882971, 0.0, -14962.948206138797, 4607.866053602658, 0.0, -14862.862404850312, 4598.23089582473, 0.0, -14594.847696798854, 4552.994638657197, 0.0, -14461.582894522697, 4521.693768874742, 0.0, -14263.341548952274, 4485.810052569024, 0.0, -14108.076132430695, 4469.0456708977, 0.0, -13996.416929796338, 4444.590751672164, 0.0, -13895.49864561949, 4426.006774507463, 0.0, -13747.40540952608, 4397.288214672357, 0.0, -13642.31524530612, 4368.599244332872, 0.0, -13539.612272871658, 4320.803299688734, 0.0, -13481.071748050861, 4309.767306833528, 0.0, -13452.183867090382, 4310.750049408525, 0.0, -13425.478782220744, 4308.17588682659, 0.0, -13387.575289739296, 4303.985128298402, 0.0, -13333.13819010742, 4266.452672785148, 0.0, -13277.824189031497, 4219.109727052972, 0.0, -13250.546251725405, 4193.210488391109, 0.0, -13173.486909953877, 4120.0621029865, 0.0, -13140.7556101121, 4088.990753139369, 0.0, -13072.41032527294, 4024.8672991078347, 0.0, -12978.211584275588, 3936.4783054161817, 0.0, -12933.538408727385, 3894.5677039809525, 0.0]]}, "mtl": 0}, {"geom": {"lines": [[-10120.089959066361, 2118.954297536984, 0.0, -10170.379597403109, 2029.9972048122436, 0.0, -10373.022126397118, 1439.4412646172568, 0.0, -10388.935487803072, 1369.8940407345071, 0.0, -10405.489465401508, 1337.5216654529795, 0.0]]}, "mtl": 0}, {"geom": {"lines": [[-10365.507539917715, 1208.0374180618674, 0.0, -10371.483175028116, 1242.2676260760054, 0.0, -10389.948104954325, 1298.051959997043, 0.0, -10405.489465401508, 1337.5216654529795, 0.0, -10444.084169420414, 1424.7491107638925, 0.0, -10511.638058418408, 1536.5668577207252, 0.0, -10552.267915301025, 1587.8677771082148, 0.0, -10601.669110968709, 1641.8109833383933, 0.0, -11208.613594958559, 2231.193689599633, 0.0, -11586.886056652293, 2596.3762157559395, 0.0, -11637.669028880075, 2644.808249924332, 0.0, -11811.152479044162, 2810.2606344977394, 0.0, -11870.605177501217, 2866.946576762013, 0.0, -11900.921324008144, 2896.0690567567945, 0.0, -11986.160036769696, 2979.5487778028473, 0.0, -12189.824805718847, 3179.008741681464, 0.0, -12350.864658104256, 3336.713334091939, 0.0, -12400.089207652956, 3384.9294950440526, 0.0, -12438.30710785184, 3421.7751392163336, 0.0, -12525.048612710088, 3505.389167902991, 0.0, -12627.827391244471, 3604.465329155326, 0.0, -12709.794442258775, 3683.477719390765, 0.0, -12803.135603819974, 3773.458903448656, 0.0, -12825.171553381719, 3794.697988617234, 0.0, -12878.982258343138, 3843.85329448618, 0.0, -12920.24994854629, 3882.205466011539, 0.0, -12933.538408727385, 3894.5677039809525, 0.0]]}, "mtl": 0}, {"geom": {"lines": [[-9690.827607676387, 2428.2603732105345, 0.0, -9696.492828045972, 2474.0836766036227, 0.0, -9797.420197153464, 2773.9397287713364, 0.0, -9669.05143558979, 3004.3638161774725, 0.0, -9559.356792045757, 3140.3782909065485, 0.0, -9403.705680934712, 3380.5947157079354, 0.0]]}, "mtl": 0}, {"geom": {"lines": [[-5123.48320328258, 3867.5866693258286, 0.0, -4872.849906671792, 3823.887700090185, 0.0, -4867.028186139651, 3822.8226963700727, 0.0, -4740.763979129493, 3802.766970688477, 0.0, -4607.062274418771, 3788.136861721985, 0.0, -4557.294094872661, 3777.947469992563, 0.0]]}, "mtl": 0}, {"geom": {"lines": [[-6112.994229222648, 2873.602746489458, 0.0, -6363.242059784941, 3068.287964087911, 0.0, -6411.078098658472, 3103.557592863217, 0.0, -6615.766930676997, 3254.5236535612494, 0.0, -6060.817633290775, 3958.6542204013094, 0.0, -5990.310497363098, 4023.6220101285726, 0.0]]}, "mtl": 0}, {"geom": {"lines": [[22430.79946629703, 10957.927791991271, 0.0, 22597.667465894483, 10485.309737781994, 0.0]]}, "mtl": 0}, {"geom": {"lines": [[23900.84441923164, 9744.49723224435, 0.0, 23575.743394280784, 9665.931560193188, 0.0]]}, "mtl": 0}, {"geom": {"lines": [[23094.607015570626, 10818.23690513894, 0.0, 22789.89346455317, 10742.38232154958, 0.0, 22520.725621542893, 10703.234906596132, 0.0]]}, "mtl": 0}, {"geom": {"lines": [[23290.322147033177, 10864.121849473566, 0.0, 23954.913645373657, 11021.834718916565, 0.0, 24007.19973303657, 11013.901267902926, 0.0]]}, "mtl": 0}, {"geom": {"lines": [[22959.765670486726, 9517.225894363597, 0.0, 23381.6164798392, 9614.793626711704, 0.0]]}, "mtl": 0}, {"geom": {"lines": [[23480.39833948668, 10066.20757823065, 0.0, 23953.150419042446, 10177.03801050689, 0.0]]}, "mtl": 0}, {"geom": {"lines": [[22507.600438508205, 10462.976326972246, 0.0, 22557.385781011544, 10268.410159342922, 0.0, 22652.328245939687, 9855.980439981446, 0.0, 22700.314056233503, 9655.293666112237, 0.0]]}, "mtl": 0}, {"geom": {"lines": [[22972.15578918811, 9465.060376742855, 0.0, 22722.470329451375, 10516.254400413483, 0.0]]}, "mtl": 0}, {"geom": {"lines": [[23421.757048264146, 9446.468539328314, 0.0, 23013.05280732643, 11160.16370287817, 0.0, 23003.464388131164, 11172.845612304285, 0.0, 22922.765103168786, 11211.679833674803, 0.0]]}, "mtl": 0}, {"geom": {"lines": [[22700.314056233503, 9655.293666112237, 0.0, 22143.93105444219, 9524.397875614464, 0.0, 21944.380698937923, 9524.96583570633, 0.0, 21846.423460894264, 9480.943012657575, 0.0]]}, "mtl": 0}, {"geom": {"lines": [[21243.972425905056, 9704.315803144127, 0.0, 21756.97926355619, 9840.452498720028, 0.0]]}, "mtl": 0}, {"geom": {"lines": [[21754.041646927595, 9852.616481173784, 0.0, 23437.726173016243, 10267.44622418005, 0.0, 23956.1738653332, 10389.640152204782, 0.0]]}, "mtl": 0}, {"geom": {"lines": [[23973.651508552954, 10603.472974926233, 0.0, 23385.766661253758, 10463.46868597623, 0.0]]}, "mtl": 0}, {"geom": {"lines": [[23926.995877268724, 9960.758808508515, 0.0, 22911.741242486052, 9719.42229784187, 0.0]]}, "mtl": 0}, {"geom": {"lines": [[22737.726714859717, 9540.135204913095, 0.0, 22700.314056233503, 9655.293666112237, 0.0]]}, "mtl": 0}, {"geom": {"lines": [[23285.4772002697, 10017.930454467423, 0.0, 22864.24416862335, 9919.39277605433, 0.0]]}, "mtl": 0}, {"geom": {"lines": [[23859.699419958517, 9404.231623289175, 0.0, 23630.979901603423, 9434.029850776307, 0.0, 23421.757048264146, 9446.468539328314, 0.0, 22972.15578918811, 9465.060376742855, 0.0, 22902.943891971372, 9467.884463939816, 0.0, 22780.8612718191, 9511.823254670016, 0.0, 22737.726714859717, 9540.135204913095, 0.0]]}, "mtl": 0}, {"geom": {"lines": [[22434.24496645294, 9592.702728887089, 0.0, 22209.676667795517, 10499.848000804894, 0.0]]}, "mtl": 0}, {"geom": {"lines": [[21156.2721584877, 10118.284998294897, 0.0, 21657.55306319613, 10252.142684753053, 0.0, 23140.643981385976, 10619.925153095275, 0.0, 23991.599028820172, 10823.045537814498, 0.0]]}, "mtl": 0}, {"geom": {"lines": [[23190.103908507153, 10417.83446170669, 0.0, 22769.65583490301, 10317.610137024894, 0.0]]}, "mtl": 0}, {"geom": {"lines": [[21196.72562811803, 9912.795238625258, 0.0, 22557.385781011544, 10268.410159342922, 0.0]]},