{"type": "block", "layer": 1, "block": 6, "features": [{"geom": {"lines": [[24947.823749747127, -13599.598389311694, 0.0, 25292.360434553586, -13356.23712426424, 0.0]]}, "mtl": 0}, {"geom": {"lines": [[28319.213757324964, -12591.048105935566, 0.0, 28097.438995825127, -12923.96026172489, 0.0]]}, "mtl": 0}, {"geom": {"lines": [[-2686.9154679570347, -916.272629336454, 0.0, -2687.3399948300794, -916.1214458663017, 0.0, -2687.761832745746, -915.9628784703091, 0.0, -2688.180853924714, -915.7969751711935, 0.0, -2688.596931430511, -915.6237862333655, 0.0, -2689.009939230047, -915.44336410705, 0.0, -2689.419752214104, -915.255763458088, 0.0, -2689.826246239245, -915.0610410990193, 0.0, -2690.2292981715873, -914.8592560244724, 0.0, -2690.628785919398, -914.6504693618044, 0.0, -2691.024588466622, -914.4347443468869, 0.0, -2691.4165859175846, -914.2121463334188, 0.0, -2691.804659529589, -913.9827427472919, 0.0, -2692.188691744581, -913.7466030819342, 0.0, -2692.568566231057, -913.5037988675758, 0.0, -2692.944167916663, -913.2544036479667, 0.0, -2693.3153830263764, -912.9984929757193, 0.0, -2693.682099107653, -912.7361443713307, 0.0, -2694.044205077924, -912.4674373008311, 0.0, -2694.4015912441537, -912.1924531618133, 0.0, -2694.7541493466124, -911.9112752545625, 0.0, -2695.1017725886777, -911.623988751322, 0.0, -2695.444355665706, -911.3306806767359, 0.0, -2695.7817948050797, -911.0314398761839, 0.0, -2696.113987785764, -910.7263569962233, 0.0, -2696.4408339802176, -910.415524462238, 0.0, -2696.7622343795374, -910.0990364141762, 0.0, -2697.078091624193, -909.7769887372851, 0.0, -2697.3883100319654, -909.4494789736345, 0.0, -2697.692795632407, -909.1166063407436, 0.0, -2697.9914561882615, -908.7784716654569, 0.0, -2698.284201230854, -908.4351773820817, 0.0, -2698.5709420768544, -908.0868274783716, 0.0, -2698.8515918701887, -907.7335274768993, 0.0, -2699.126065593213, -907.3753843959421, 0.0, -2699.39428009931, -907.0125067243353, 0.0, -2699.6561541417614, -906.645004385151, 0.0, -2699.9116083914414, -906.2729887068272, 0.0, -2700.16056546662, -905.8965723775327, 0.0, -2700.4029499497265, -905.5158694153652, 0.0, -2700.638688418083, -905.1309951515868, 0.0, -2700.8677094606683, -904.742066170089, 0.0, -2701.08994370047, -904.3492002794519, 0.0, -2701.305323816836, -903.9525164943188, 0.0, -2701.5137845650315, -903.5521349692717, 0.0, -2701.71526279673, -903.1481769988313, 0.0, -2701.9096974804997, -902.7407649401575, 0.0, -2702.097029713914, -902.3300222149119, 0.0, -2702.277202750556, -901.9160732375458, 0.0, -2702.4501620130613, -901.4990434069186, 0.0, -2702.6158551033586, -901.0790590513498, 0.0, -2702.7742318296805, -900.6562473876402, 0.0, -2702.925244216807, -900.2307364996523, 0.0, -2703.068846516311, -899.8026552796364, 0.0, -2703.2049952270463, -899.3721334077418, 0.0, -2703.3336491063237, -898.939301289618, 0.0, -2703.454769179225, -898.5042900443077, 0.0, -2703.5683187572286, -898.067231444642, 0.0, -2703.674263441004, -897.6282578911632, 0.0, -2703.772571134381, -897.1875023478642, 0.0, -2703.863212059252, -896.7450983375311, 0.0, -2703.946158756502, -896.3011798691005, 0.0, -2704.0213860981166, -895.8558814143762, 0.0, -2704.0888712937012, -895.409337871708, 0.0, -2704.148593899794, -894.9616845035926, 0.0, -2704.200535826385, -894.5130569096655, 0.0, -2704.244681334123, -894.063591000624, 0.0, -2704.2810170520097, -893.6134229218587, 0.0, -2704.3095319671556, -893.162689040415, 0.0, -2704.330217447132, -892.7115258928388, 0.0, -2704.3430672185495, -892.2600701488554, 0.0, -2704.3480773894116, -891.8084585638717, 0.0, -2704.345246443525, -891.3568279435858, 0.0, -2704.3345752349123, -890.9053150899708, 0.0, -2704.3160669934005, -890.4540567854419, 0.0, -2704.289727325551, -890.0031897239387, 0.0, -2704.2555642109364, -889.5528504783288, 0.0, -2704.213587993756, -889.1031754799187, 0.0, -2704.163811389357, -888.6543009290472, 0.0, -2704.1062494758517, -888.2063628109172, 0.0, -2704.0409196894616, -887.7594968117774, 0.0, -2703.9678418161348, -887.3138383068144, 0.0, -2703.8870379924774, -886.8695222809911, 0.0, -2703.7985326955095, -886.4266833467409, 0.0, -2703.7023527333513, -885.9854556350037, 0.0, -2703.5985272414982, -885.5459728175774, 0.0, -2703.487087668851, -885.1083680130541, 0.0, -2669.4587342189625, -828.528602084145, 0.0, -2656.9853850556538, -821.0989553388208, 0.0, -2644.0406026821584, -821.5473381346092, 0.0, -2638.024344243109, -827.1016802601516, 0.0, -2621.31061208155, -888.7201516618952, 0.0, -2621.897093469277, -902.2692731982097, 0.0, -2637.0006298767403, -912.8372587729245, 0.0, -2686.8975635403767, -916.2530351877213, 0.0]]}, "mtl": 0}, {"geom": {"lines": [[-3577.8629618799314, 10147.630093601532, 0.0, -3800.136940599419, 10053.7625470208, 0.0, -4604.558179794811, 9711.341964746825, 0.0, -4969.722390292212, 9559.303846208379, 0.0, -5640.514462938532, 9276.378072215244, 0.0, -6173.708782622591, 9050.300799287856, 0.0, -6656.62803734187, 8841.407856061123, 0.0, -6803.487048265524, 8783.238366154954, 0.0, -6829.954421690665, 8748.849535026588, 0.0, -6877.591239969246, 8703.882963935845, 0.0, -6992.717665963806, 8579.559216340072, 0.0, -7037.707260516472, 8539.883595158346, 0.0, -7077.400322896428, 8518.72740707174, 0.0, -7122.38018813543, 8516.093449378386, 0.0, -7156.775330588222, 8518.748364567757, 0.0, -7207.046520207077, 8517.438720659353, 0.0, -7233.504511766136, 8518.768623394892, 0.0, -7341.977801977657, 8541.286856704392, 0.0, -7443.836519002914, 8563.803348830901, 0.0]]}, "mtl": 0}, {"geom": {"lines": [[7596.295612161048, -3265.058118504472, 0.0, 8013.612462381832, -3169.0318677509204, 0.0, 8474.372820754535, -3063.6140629313886, 0.0]]}, "mtl": 0}, {"geom": {"lines": [[7048.521947384812, -3521.176368603483, 0.0, 7182.125333337113, -3266.591383026913, 0.0, 7272.591920195147, -3078.612726330757, 0.0, 7434.395266498439, -2777.6323024360463, 0.0, 7445.877781118266, -2764.379631390795, 0.0, 7464.665703451261, -2760.5448208581656, 0.0, 7536.334216911346, -2784.618133724667, 0.0]]}, "mtl": 0}, {"geom": {"lines": [[7727.324835957028, -4258.809057317674, 0.0, 7794.648547306657, -4154.724782713689, 0.0]]}, "mtl": 0}, {"geom": {"lines": [[7794.648547306657, -4154.724782713689, 0.0, 7596.295612161048, -3265.058118504472, 0.0]]}, "mtl": 0}, {"geom": {"lines": [[-3322.9484421825036, -1612.3873130204156, 0.0, -2686.9154679570347, -916.272629336454, 0.0]]}, "mtl": 0}, {"geom": {"lines": [[-2621.897093469277, -902.2692731982097, 0.0, -1745.6912032114342, -1611.0336314346641, 0.0, -948.9763660356402, -2263.217964284122, 0.0, -151.0721870213747, -2969.935434965417, 0.0]]}, "mtl": 0}, {"geom": {"lines": [[19864.564767754637, 19888.008311156183, 0.0, 19937.71652790904, 20183.669185712002, 0.0, 20004.99084874522, 20308.302075131796, 0.0, 20009.922266585752, 20474.236651958898, 0.0]]}, "mtl": 0}, {"geom": {"lines": [[17680.75075710658, 19853.95540488977, 0.0, 17683.387422567233, 19899.089482351206, 0.0, 17694.488652052358, 19937.351345090196, 0.0, 17694.130020715296, 19958.142199798487, 0.0, 17690.09769224655, 19985.35026422981, 0.0, 17712.413642961532, 20073.435952913947, 0.0, 17691.71408335492, 20240.86082447786, 0.0, 17764.02011303138, 20455.757244969718, 0.0]]}, "mtl": 0}, {"geom": {"lines": [[17164.935212093405, 19869.972624715418, 0.0, 17124.403309512883, 19778.464257197455, 0.0, 17113.649078004993, 19725.580997590907, 0.0, 17057.423260204494, 19582.48411966581, 0.0]]},