{"type": "block", "layer": 1, "block": 8, "features": [{"geom": {"lines": [[2037.7449656110257, 4807.651570307091, 0.0, 2129.4961554417387, 4844.871293372475, 0.0, 2230.3490139786154, 4882.108741887845, 0.0, 2310.0120843714103, 4896.483738002367, 0.0, 2398.2566550904885, 4936.04357224796, 0.0, 2410.7795738792047, 4948.043868947774, 0.0, 2369.1301342248917, 5013.688820899464, 0.0, 2354.295582565479, 5029.812457816675, 0.0, 2397.5988696496934, 5031.690092366189, 0.0, 2414.5188482832164, 5028.713704556227, 0.0, 2550.179431608878, 4973.710006956011, 0.0, 2682.9182065492496, 5030.038759325631, 0.0, 2773.236652321182, 5053.158846644685, 0.0, 2799.3805293291807, 5069.151153832674, 0.0, 2821.8681419137865, 5082.910179191269, 0.0, 2836.2671089954674, 5104.252942240797, 0.0, 2856.6828215941787, 5190.074370289221, 0.0, 2943.078247905709, 5152.420053242706, 0.0, 2975.575457526371, 5122.68404228054, 0.0, 3013.181496620178, 5090.3426885912195, 0.0, 3055.3933290643618, 5090.276691385545, 0.0, 3091.7617030022666, 5050.0867757201195, 0.0, 3125.533730949275, 4999.719752538949, 0.0, 3133.9452740559354, 4983.836263395846, 0.0, 3136.524500806816, 4970.870165227912, 0.0, 3126.7858212357387, 4934.250520165078, 0.0, 3127.565370884724, 4892.456860571168, 0.0, 3138.9314488619566, 4808.262483951636, 0.0, 3154.367729808204, 4794.541462384164, 0.0]]}, "mtl": 0}, {"geom": {"lines": [[2484.7858981713653, 5814.60692632664, 0.0, 2487.574550579302, 5836.541562213562, 0.0, 2472.0697020161897, 5929.111304864287, 0.0, 2481.2448217161, 5938.71951602865, 0.0, 2533.0986221283674, 5945.510438796133, 0.0, 2540.3568184059113, 5946.462269175798, 0.0, 2581.3594954991713, 5962.518188475631, 0.0, 2608.2379196500406, 5986.391076663509, 0.0, 2637.12133006379, 6015.105542480946, 0.0, 2671.8775600492954, 6025.422472638078, 0.0, 2677.143316615373, 6026.980087148026, 0.0, 2732.1597013510764, 6038.227134139277, 0.0, 2904.467166736722, 6073.452098431997, 0.0, 2969.501648299396, 6082.679056407884, 0.0, 3039.501096252352, 6092.601691858843, 0.0, 3135.405226200819, 6106.18581410218, 0.0, 3224.7523161405697, 6118.267686522566, 0.0, 3280.29157570377, 6128.414234587923, 0.0, 3344.3688602140173, 6138.283443018794, 0.0, 3351.719241837971, 6108.495303318836, 0.0]]}, "mtl": 0}, {"geom": {"lines": [[938.918772703968, -975.3596454840153, 0.0, 1066.850073736161, -1139.2420271718875, 0.0]]}, "mtl": 0}, {"geom": {"lines": [[28058.981886240654, -11539.674217802472, 0.0, 28074.556884905323, -11547.736275591888, 0.0, 28471.79602315277, -11608.195567757823, 0.0, 28522.167329284362, -11519.089880673215, 0.0, 28581.777685130946, -11496.712776271626, 0.0, 28619.476629982702, -11487.677978685126, 0.0, 28763.044325441122, -11484.111183134839, 0.0, 28834.11581274774, -11492.834932593629, 0.0, 28961.954276953824, -11519.077560894191, 0.0, 29057.469436571002, -11532.744303599, 0.0, 29134.40808558464, -11540.729971537367, 0.0]]}, "mtl": 0}, {"geom": {"lines": [[1821.9987559607252, 6635.262369745411, 0.0, 1822.1547913802788, 6635.746854935773, 0.0, 2239.077274719253, 6771.666497755796, 0.0, 2307.0289091486484, 6783.021213808097, 0.0]]}, "mtl": 0}, {"geom": {"lines": [[953.4604945546016, -921.0940082194284, 0.0, 934.8151748143137, -919.0368653405458, 0.0, 918.7717350833118, -928.7818243987858, 0.0, 911.9991693245247, -946.2806682214141, 0.0, 917.3156609209254, -964.2773105083033, 0.0, 932.5078546013683, -975.2945483559743, 0.0, 949.1944452580065, -975.4636947819963, 0.0, 963.2228405131027, -966.4329620497301, 0.0, 970.0059745628387, -951.1698353337124, 0.0, 967.2939472226426, -934.7131401579827, 0.0]]}, "mtl": 0}, {"geom": {"lines": [[9031.899612479843, -646.0765594365075, 0.0, 9031.899737339467, -646.0764536140487, 0.0, 9011.986550695263, -545.7985785780475, 0.0, 9076.605376986787, -482.6269478537142, 0.0, 9267.72382447403, -303.70888763759285, 0.0, 9282.987722335383, -320.9838372981176, 0.0, 9284.545002461411, -348.0667259134352, 0.0, 9299.758505602367, -364.2389579685405, 0.0, 9332.1685474962, -377.6433815481141, 0.0]]}, "mtl": 0}, {"geom": {"lines": [[4116.824285782874, -446.0550705874339, 0.0, 4113.888883971609, -513.0308915879577, 0.0, 4188.668836027384, -552.7554692411795, 0.0, 4160.080701873638, -604.2945793215185, 0.0, 4120.589682630263, -656.4047454055399, 0.0, 4099.928045487031, -695.3069618828595, 0.0, 4091.0084612648934, -699.5684589641169, 0.0, 4081.663031211123, -700.5651508541778, 0.0, 3958.5917607201263, -644.3916784189641, 0.0]]}, "mtl": 0}, {"geom": {"lines": [[9336.414315663278, -371.1431953161955, 0.0, 9332.1685474962, -377.6433815481141, 0.0, 9442.571589049883, -213.00161138735712, 0.0]]}, "mtl": 0}, {"geom": {"lines": [[9626.95246284362, -724.5103870043531, 0.0, 9792.340170361102, -507.9089636830613, 0.0, 9894.532181773335, -384.8547929469496, 0.0]]}, "mtl": 0}, {"geom": {"lines": [[7868.919654533267, 4999.441620669328, 0.0, 7832.449305403046, 5049.582333178259, 0.0, 7688.226807620376, 5159.272681131959, 0.0, 7586.076640586369, 5237.07032216806, 0.0]]}, "mtl": 0}, {"geom": {"lines": [[3269.5487760072574, -1276.9484298462048, 0.0, 3341.94865220692, -1324.4755743751302, 0.0, 3416.933654935099, -1358.8241645758972, 0.0, 3559.6997159225866, -1407.3350304896012, 0.0, 3595.8024259498343, -1414.3209327198565, 0.0, 3705.482371984981, -1458.832969468087, 0.0]]}, "mtl": 0}, {"geom": {"lines": [[1135.6540519511327, -1070.22660688404, 0.0, 967.2939472226426, -934.7131401579827, 0.0, 953.4604945546016, -921.0940082194284, 0.0, 946.9657450858504, -896.2799686845392, 0.0, 948.2247459860519, -891.9005431327969, 0.0, 967.9899114407599, -823.2953514195979, 0.0, 962.0487338202074, -810.4843475874513, 0.0, 944.9315372221172, -796.2777552334592, 0.0, 603.8202265035361, -527.8345636194572, 0.0]]}, "mtl": 0}, {"geom": {"lines": [[10235.0687818788, 3780.9434667527676, 0.0, 10367.9213622557, 3676.90930429101, 0.0, 10531.617418406531, 3551.5627137916163, 0.0, 10619.120226001367, 3478.6235455488786, 0.0, 10691.39252571296, 3396.0403910838068, 0.0]]}, "mtl": 0}, {"geom": {"lines": [[21998.11343169678, -11737.827725135721, 0.0, 22096.451925435103, -12467.747879848816, 0.0, 22560.316382607445, -12405.843122404069, 0.0, 23233.612729714252, -12342.134834794328, 0.0, 23252.305109458044, -12332.699664124288, 0.0, 23503.032382695936, -12097.152709445916, 0.0, 23874.653615218587, -11742.019925478846, 0.0, 24132.712523547933, -11499.191343813203, 0.0]]}, "mtl": 0}, {"geom": {"lines": [[-7129.438695376739, 342.6371526774019, 0.0, -7108.144980554469, 338.36706151999533, 0.0, -7090.858970280737, 326.79996802750975, 0.0, -7078.758039433509, 308.72376588825136, 0.0, -7074.630692497827, 288.30397332366556, 0.0, -7078.757985251956, 266.9314076863229, 0.0, -7090.1887732381, 249.53112082369626, 0.0, -7108.14448041562, 237.28818944934756, 0.0, -7129.437862936407, 233.0178855219856, 0.0, -7149.851746245287, 236.92680101189762, 0.0, -7168.017217895016, 248.85469735506922, 0.0, -7180.118261595257, 266.93063180707395, 0.0, -7184.245879904367, 288.3031368236989, 0.0, -7180.118842149153, 308.7229946469888, 0.0, -7168.0181834530085, 326.7993824882433, 0.0, -7150.732346506789, 338.36673891264945, 0.0, -7129.438695376739, 342.6371526774019, 0.0]]}, "mtl": 0}, {"geom": {"lines": [[22069.49695632793, -9801.292462770827, 0.0, 21915.97867984604, -9835.446508737281, 0.0, 21834.671881939285, -9786.910235091113, 0.0, 21701.844233574346, -9552.686597419903, 0.0, 21307.976681475528, -9060.880991525948, 0.0, 20787.542276185006, -8615.064950938337, 0.0, 20727.463194592856, -8570.18089789711, 0.0, 20589.370566383936, -8434.519282703288, 0.0, 20702.202942953445, -8180.477379993536, 0.0]]}, "mtl": 0}, {"geom": {"lines": [[26106.396252985112, -16303.905769941397, 0.0, 26610.06293569412, -17022.113371378742, 0.0, 27605.05551068019, -18407.598323945887, 0.0, 27972.885307420976, -18494.0406529475, 0.0, 28018.49308915902, -18515.01907081902, 0.0]]},